seg_dice,seg_f1,seg_precision,seg_recall,seg_accuracy,configuracion,bbox_AP,bbox_AP50,bbox_AP75,bbox_APs,bbox_APm,bbox_APl,segm_AP,segm_AP50,segm_AP75,segm_APs,segm_APm,segm_APl
0.4244329065596666,0.42443291062815836,0.532617122561887,0.3842346350880929,0.9982041155432583,mask_rcnn_R_101_FPN_3x.yaml_FLAIR_0.001_5000_vertical_2_[2500],23.100806581695633,49.14703325096624,18.01878132501508,23.42972276976338,,,20.01398340789502,48.604070396718456,12.94352971110837,20.016102550633875,,
