seg_dice,seg_f1,seg_precision,seg_recall,seg_accuracy,configuracion,bbox_AP,bbox_AP50,bbox_AP75,bbox_APs,bbox_APm,bbox_APl,segm_AP,segm_AP50,segm_AP75,segm_APs,segm_APm,segm_APl
0.28510497948159946,0.2851049808751724,0.3620304416564541,0.2530555500366494,0.9976871227425268,mask_rcnn_R_50_DC5_3x.yaml_FLAIR_5000_none_2_20250802_124328,8.964085446626045,23.252175645435138,5.2021617069269395,9.179380366583075,,,8.14099687096047,23.965805920561657,3.472969832256974,8.14099687096047,,
0.40017516475744186,0.4001751693006384,0.4809290487869713,0.37412171103190806,0.9977760055787427,mask_rcnn_R_50_DC5_3x.yaml_FLAIR_15000_horizontal_4_20250802_125952,24.462994201261967,55.07879541117888,18.384014640493263,24.900519183299117,,,21.958047018164336,52.895214922438974,14.95913275384443,21.974270650798363,,
0.44647507674979103,0.4464750815071097,0.5586164959819033,0.405095514482456,0.9982233153980155,mask_rcnn_X_101_32x8d_FPN_3x.yaml_FLAIR_5000_vertical_2_20250802_142226,24.5228889286223,52.62650853015164,20.04618918582821,24.987806405019956,,,22.15407099642985,50.95760491945979,16.5506796577751,22.15410019846018,,
0.37097363831916436,0.37097364192030313,0.4514606240610281,0.3517812989791257,0.9975217795410757,mask_rcnn_R_50_DC5_3x.yaml_RGB_5000_horizontal_2_20250802_144426,19.71698943057044,46.52868923769351,13.871138850451132,20.029065336813456,,,17.604470703368687,45.485432097299224,9.714942384381521,17.60747285354791,,
0.3951129669415892,0.39511297090097636,0.5118030360471809,0.3500259848620053,0.9980760646547152,mask_rcnn_R_101_FPN_3x.yaml_FLAIR-AUG_5000_vertical_4_20250902_233929,20.1018051915052,45.3669348324254,14.869088390523666,20.29845099405085,,,13.769791189722191,40.16296695676836,5.819875430779596,13.76988314672242,,
0.37095313634314514,0.3709531398455297,0.4719467643060195,0.33898066744320704,0.9978769175684178,mask_rcnn_R_101_C4_3x.yaml_FLAIR-AUG_5000_vertical_4_20250903_202350,16.331674147725675,39.68691259084044,11.016133783710044,16.848629046569258,,,11.174933238496502,34.672388854318584,3.8380973980056763,11.176748931822727,,
