bbox_AP,bbox_AP50,bbox_AP75,bbox_APs,bbox_APm,bbox_APl,segm_AP,segm_AP50,segm_AP75,segm_APs,segm_APm,segm_APl,configuracion
25.676381547913035,55.873508002042115,19.454782635437144,25.9392489278222,,,21.982921604103755,54.87729419346705,13.8084387270222,21.98841754491929,,,10000epochsFLAIR
6.776693168556639,18.546545982954164,3.2285062468204417,6.7776451005911245,,,3.81189108228243,15.73753868421441,0.42116004491817266,3.81189108228243,,,2000epochsFLAIR101
